SQL> ALTER TABLE TITULACION
  2  ADD CONSTRAINT
  3  PK_TITULACION
  4  PRIMARY KEY (T);
PRIMARY KEY (T)
*
ERROR at line 4:
ORA-02260: table can have only one primary key 


SQL> ALTER TABLE TITULACION
  2  ADD CONSTRAINT
  3  PK_TITULACION
  4  PRIMARY KEY(T);
PRIMARY KEY(T)
*
ERROR at line 4:
ORA-02260: table can have only one primary key 


SQL> CREATE VIEW VISTA1 AS
  2  SELECT(CAS, A, T, CUR, CAR)
  3  FROM ASIGNATURA;
SELECT(CAS, A, T, CUR, CAR)
          *
ERROR at line 2:
ORA-00907: missing right parenthesis 


SQL> CREATE VIEW VISTA1 AS
  2  SELECT CAS, A, T, CUR, CAR
  3  FROM ASIGNATURA;

View created.

SQL> SELECT * FROM VISTA1;

       CAS A                                                  T           CUR   
---------- -------------------------------------------------- ---- ----------   
       CAR                                                                      
----------                                                                      
         1 BASES DE DATOS                                     GII           3   
         7                                                                      
                                                                                
         2 INTELIGENCIA ARTIFICAL                             GII           3   
         4                                                                      
                                                                                
         3 ALMACENES DE DATOS                                 MII           1   
         7                                                                      
                                                                                

       CAS A                                                  T           CUR   
---------- -------------------------------------------------- ---- ----------   
       CAR                                                                      
----------                                                                      
         4 MINERIA DE DATOS                                   MII           1   
         7                                                                      
                                                                                
         5 INFORMATICA BASICA                                 GII           1   
         7                                                                      
                                                                                
         6 ALGEBRA                                            GII           1   
         1                                                                      
                                                                                

       CAS A                                                  T           CUR   
---------- -------------------------------------------------- ---- ----------   
       CAR                                                                      
----------                                                                      
         7 CALCULO                                            GII           1   
         8                                                                      
                                                                                
         8 OPTIMIZACION                                       GII           1   
         6                                                                      
                                                                                
         9 GESTION DE RIESGOS                                 GII           3   
         4                                                                      
                                                                                

       CAS A                                                  T           CUR   
---------- -------------------------------------------------- ---- ----------   
       CAR                                                                      
----------                                                                      
        10 ASTRONOMIA                                         GF            2   
         3                                                                      
                                                                                
        11 ENSEANANZA DE LA MATEMATICA                        GM            2   
         5                                                                      
                                                                                
        12 ANALISIS COMPLEJO                                  GM            4   
         2                                                                      
                                                                                

12 rows selected.

SQL> INSERT INTO VISTA1
  2  VALUES(13, 'ESTADISTICA', 'GII', 3.7);
INSERT INTO VISTA1
            *
ERROR at line 1:
ORA-00947: not enough values 


SQL> VALUES(13, 'ESTADISTICA', 'GII', 3, 7);
SP2-0734: unknown command beginning "VALUES(13,..." - rest of line ignored.
SQL> INSERT INTO VISTA1
  2  VALUES(13, 'ESTADISTICA', 'GII', 3, 7);

1 row created.

SQL> SELECT * FROM ASIGNATURA;

       CAS A                                                  T           CUR   
---------- -------------------------------------------------- ---- ----------   
       CAR         CT         CP         CL                                     
---------- ---------- ---------- ----------                                     
        13 ESTADISTICA                                        GII           3   
         7          0          0          0                                     
                                                                                
         1 BASES DE DATOS                                     GII           3   
         7          3        1.5        1.5                                     
                                                                                
         2 INTELIGENCIA ARTIFICAL                             GII           3   
         4        1.5        1.5          3                                     
                                                                                

       CAS A                                                  T           CUR   
---------- -------------------------------------------------- ---- ----------   
       CAR         CT         CP         CL                                     
---------- ---------- ---------- ----------                                     
         3 ALMACENES DE DATOS                                 MII           1   
         7        1.5          0        1.5                                     
                                                                                
         4 MINERIA DE DATOS                                   MII           1   
         7        1.5          0        1.5                                     
                                                                                
         5 INFORMATICA BASICA                                 GII           1   
         7          3        1.5        1.5                                     
                                                                                

       CAS A                                                  T           CUR   
---------- -------------------------------------------------- ---- ----------   
       CAR         CT         CP         CL                                     
---------- ---------- ---------- ----------                                     
         6 ALGEBRA                                            GII           1   
         1          3          3          0                                     
                                                                                
         7 CALCULO                                            GII           1   
         8          3          3          0                                     
                                                                                
         8 OPTIMIZACION                                       GII           1   
         6          3        1.5        1.5                                     
                                                                                

       CAS A                                                  T           CUR   
---------- -------------------------------------------------- ---- ----------   
       CAR         CT         CP         CL                                     
---------- ---------- ---------- ----------                                     
         9 GESTION DE RIESGOS                                 GII           3   
         4          3          0          3                                     
                                                                                
        10 ASTRONOMIA                                         GF            2   
         3          3        1.5        1.5                                     
                                                                                
        11 ENSEANANZA DE LA MATEMATICA                        GM            2   
         5          6          0          0                                     
                                                                                

       CAS A                                                  T           CUR   
---------- -------------------------------------------------- ---- ----------   
       CAR         CT         CP         CL                                     
---------- ---------- ---------- ----------                                     
        12 ANALISIS COMPLEJO                                  GM            4   
         2        4.5          3          0                                     
                                                                                

13 rows selected.

SQL> UPDATE VISTA1
  2  SET CAR=6
  3  WHERE CAS=13;

1 row updated.

SQL> SELECT * FROM VISTA1;

       CAS A                                                  T           CUR   
---------- -------------------------------------------------- ---- ----------   
       CAR                                                                      
----------                                                                      
        13 ESTADISTICA                                        GII           3   
         6                                                                      
                                                                                
         1 BASES DE DATOS                                     GII           3   
         7                                                                      
                                                                                
         2 INTELIGENCIA ARTIFICAL                             GII           3   
         4                                                                      
                                                                                

       CAS A                                                  T           CUR   
---------- -------------------------------------------------- ---- ----------   
       CAR                                                                      
----------                                                                      
         3 ALMACENES DE DATOS                                 MII           1   
         7                                                                      
                                                                                
         4 MINERIA DE DATOS                                   MII           1   
         7                                                                      
                                                                                
         5 INFORMATICA BASICA                                 GII           1   
         7                                                                      
                                                                                

     